,initial_gdp_share,gdp_per_capita_1990,gdpper_diff,initial_population,color,cum_gdp_share
Iceland,0.012274904515794133,17668.91253576244,-49.59823598820657,254.79999999999995,#fdbf71,0.012274904515794133
Mongolia,0.012679399206139351,2208.1645360351695,-36.064833175655025,2106.000001000001,#6399c7,0.024954303721933482
Finland,0.3018806874577952,22206.196480112307,-23.94167535751205,4986.0000009999985,#fdbf71,0.3268349911797287
Norway,0.337806398404891,29212.12344620381,-23.112528794020882,4241.269468000002,#ea5739,0.6646413895846197
Russia,5.195758428480756,12850.5754615153,-22.340815995935447,148291.92286699996,#fdbf71,5.8603998180653765
Estonia,0.042009743002095756,9820.151839551057,-15.516997633857901,1569.000001,#A9A9A9,5.902409561067472
Sweden,0.5516349638948426,23638.49816426146,-12.713502750136366,8558.999996,#fdbf71,6.454044524962315
Canada,1.9228193671734815,25376.433000093002,-11.904016705185505,27790.67105899997,#ea5739,8.376863892135797
Latvia,0.0717248663370819,9849.989402278863,-10.952132046847515,2670.7,#A9A9A9,8.448588758472878
Kyrgyztan,0.028909490286969524,2397.257121397749,-10.578313745359642,4422.999998,#6399c7,8.477498248759847
Lithuania,0.1239557168228145,12293.93114808094,-9.388834454330727,3697.9999990000006,#fdbf71,8.601453965582662
Belarus,0.17720813843708905,6378.862243928311,-8.7827508562177,10188.999996000004,#A9A9A9,8.778662104019752
Kazakhstan,0.31787781691585976,7123.981998115886,-6.909657826692814,16365.471814,#A9A9A9,9.096539920935612
Denmark,0.34350170926860335,24510.767223276704,-4.403996942422284,5140.000000000001,#ea5739,9.440041630204215
Tajikistan,0.04316613088572372,2985.3837898159163,-3.034569408265877,5303.151997999999,#6399c7,9.483207761089938
Switzerland,0.5944296152989454,32481.764454026186,-2.9619579244364678,6712.000000000001,#ea5739,10.077637376388884
Poland,0.8365086958973953,8048.637386773634,-2.8015899174736525,38118.800004000004,#A9A9A9,10.914146072286279
Czech Republic,0.4522950017782716,16007.64381722731,-1.69608464768619,10363.000001,#fdbf71,11.36644107406455
Austria,0.5285884389356276,25142.283847410963,-1.3660866603567183,7710.882000000002,#ea5739,11.895029513000178
Germany,5.4291653129749005,25068.204136280925,-1.1217598138392137,79433.00000400005,#ea5739,17.324194825975077
Bhutan,0.0025256124567700745,1692.3381924334446,-0.7586504868784842,547.3570010000001,#6399c7,17.326720438431845
Slovakia,0.17676113137582372,12271.48961024713,-0.3329189249028195,5283.0,#fdbf71,17.50348156980767
North Korea,0.056443401659060866,1027.721821568578,-0.029816896910930812,20143.211996000005,#6399c7,17.559924971466728
Ireland,0.16568012605785393,17333.026527529564,1.5884230597715527,3505.8000000000006,#fdbf71,17.725605097524582
United Kingdom,3.638083550290773,23271.273924710084,1.8406128089040394,57338.144190000006,#fdbf71,21.363688647815355
Luxembourg,0.04375353002022169,42019.85613841929,2.314981130593357,381.90000000000003,#ea5739,21.407442177835577
Netherlands,1.053575541897785,25843.867984706245,2.4359858058167467,14951.999998999996,#ea5739,22.461017719733363
Armenia,0.028232834400183583,2921.238230117217,2.9061237147820287,3544.6929969999997,#6399c7,22.489250554133545
Hungary,0.34459125885043723,12182.870761537042,3.0383813889520357,10373.988006,#fdbf71,22.83384181298398
Ukraine,1.1383512496620338,8045.758659275863,3.1889798255265562,51891.999996000006,#A9A9A9,23.972193062646014
Nepal,0.036667558757501544,703.5869331397502,3.616845161339549,19114.166000999998,#6399c7,24.008860621403514
Slovenia,0.08846233666564912,16237.991480864837,3.644993067727113,1998.0999989999998,#fdbf71,24.097322958069164
Belgium,0.6772490333614061,24920.550324855154,4.0359575929744675,9967.400000000003,#ea5739,24.77457199143057
Georgia,0.08023383185407897,5386.927615954756,4.78037191535222,5462.702080999999,#bde2ee,24.85480582328465
Chile,0.23603348209803726,6568.92800835415,6.178237212728737,13178.629034000007,#A9A9A9,25.090839305382687
New Zealand,0.17525630986657423,18642.219813190273,6.4515350810917225,3447.9992339999994,#fdbf71,25.26609561524926
Uzbekistan,0.11115930795684638,1987.793637364625,6.686534998848733,20509.999993999987,#6399c7,25.377254923206106
Moldova,0.04619315312932404,3860.4583559412645,7.750961951622585,4388.638999999999,#bde2ee,25.42344807633543
Romania,0.4968950319858661,7853.021282748105,7.917808535565543,23207.000000000004,#A9A9A9,25.920343108321294
Afghanistan,0.03219374561757371,858.541291584275,7.9182889538388785,13753.126663000001,#6399c7,25.952536853938867
France,3.8418031693061794,24835.629554759606,8.104777222562955,56735.000000999986,#ea5739,29.794340023245045
Croatia,0.17380353724617342,13335.884838347067,8.313346005346114,4779.999999,#fdbf71,29.968143560491217
Argentina,0.6488808713277769,7304.551482663092,8.897584728410703,32580.859669000005,#A9A9A9,30.617024431818994
Uruguay,0.06057883013323121,7154.3835649553175,9.518651267627401,3105.558998,#A9A9A9,30.677603261952225
South Korea,1.3443959017628528,11502.04199923578,10.170131497322659,42869.0,#A9A9A9,32.02199916371508
Serbia and Montenegro,0.24303969699967415,11814.040211802821,10.502579798157601,7545.184995,#A9A9A9,32.26503886071475
Italy,3.7069093557770203,23970.3581607876,10.54257830371401,56718.999999000014,#fdbf71,35.971948216491775
Lesotho,0.004223670921250485,967.4681999632448,10.801934917582422,1601.1960009999998,#6399c7,35.976171887413024
Australia,1.138216820994943,24462.864429454596,10.863494361191583,17065.09903700007,#ea5739,37.114388708407965
Bosnia&Herzegovina,0.014253045711642105,1213.3976384615394,11.56149460371086,4308.197999,#6399c7,37.128641754119606
Macedonia,0.04372199691365842,8398.578647288296,12.800216708347985,1909.348999,#A9A9A9,37.17236375103327
United States,22.25739284540322,32702.492950929405,13.07373590875405,249622.97371399938,#ea5739,59.42975659643649
Bulgaria,0.18082855665966377,7607.487947625173,14.938111271662862,8718.000004999996,#A9A9A9,59.61058515309615
Albania,0.035505432540536445,3958.7603122714536,15.457711706208379,3289.476,#bde2ee,59.64609058563669
Turkey,1.203574313105221,7861.100251329416,15.711763483863324,56153.99999800003,#A9A9A9,60.84966489874191
Fiji,0.006572107465933949,3331.357394146859,15.759359613893167,723.560002,#bde2ee,60.85623700620785
Azerbaijan,0.09365949047189337,4798.334835361641,16.08417048168791,7159.000000000002,#bde2ee,60.94989649667974
Peru,0.2763971872704511,4658.245820461128,16.137605615030967,21762.177,#bde2ee,61.226293683950196
Madagascar,0.03305047670522598,1007.3607100498356,16.279468572670748,12033.275,#6399c7,61.259344160655424
South Africa,0.7985778548966476,8320.812223698864,16.32104636555752,35199.999997000006,#A9A9A9,62.05792201555207
Brazil,2.988118096843501,7328.784351780462,16.32327561021315,149539.84871800008,#A9A9A9,65.04604011239557
Japan,8.918393031923324,26477.725721661973,16.384223418215313,123537.00002299994,#ea5739,73.9644331443189
Mauritius,0.018216949145827603,6321.087188546763,16.994476740037182,1057.0,#A9A9A9,73.98265009346473
China,3.529775380306288,1154.7392608323435,17.03655285858341,1121125.5749370002,#6399c7,77.51242547377102
Tanzania,0.0630489087446723,907.0405320928077,17.48212353376524,25494.236004,#6399c7,77.5754743825157
Liberia,0.003121876943538067,535.8703080566914,17.500704897930948,2136.7179989999995,#6399c7,77.57859625945923
Zambia,0.02879901225196936,1300.456044627548,17.811231848686027,8122.187987999995,#6399c7,77.6073952717112
Swaziland,0.008849023170737371,4214.982047132561,17.859918220536407,770.0,#bde2ee,77.61624429488194
Equatorial Guinea,0.0022157589177408616,2392.2993533142467,17.94987894587455,339.70200100000005,#6399c7,77.61846005379968
Paraguay,0.045539375991579915,3959.0717972723055,18.049098878712893,4218.760001,#bde2ee,77.66399942979126
Gabon,0.04119092949379977,16458.8404945928,18.164267403276437,917.896001,#fdbf71,77.70519035928506
Burundi,0.00819557070205002,528.0785958335355,18.18697981017955,5692.090000999999,#6399c7,77.71338592998711
Ecuador,0.16261113367292065,5807.030778214375,18.262471869910875,10270.397952999998,#bde2ee,77.87599706366004
Rwanda,0.014961415226499339,752.3435460076086,18.311057119203618,7293.6950000000015,#6399c7,77.89095847888653
Sierra Leone,0.008367554009071064,750.8642356312317,18.376751399252537,4087.2219999999993,#6399c7,77.8993260328956
Malawi,0.016930833723052766,657.3693236195685,18.485474858499153,9446.262999999999,#6399c7,77.91625686661865
Cote d'Ivoire,0.07247780631295006,2079.9676239249593,18.571367134868726,12780.257000000003,#6399c7,77.9887346729316
Bangladesh,0.22150279038797177,718.6302533907777,18.623172068722656,113048.50598499997,#6399c7,78.21023746331957
Zimbabwe,0.008087303655545813,282.83058823455616,18.749531590503956,10487.415998000004,#6399c7,78.21832476697512
Comoros,0.0015069987911121685,1269.778635751679,19.273693138154826,435.287314,#6399c7,78.21983176576623
Mexico,2.3981213460558415,10568.25429417963,19.27414815701571,83226.00000199994,#A9A9A9,80.61795311182208
Papua New Guinea,0.01980943738453614,1758.7719921655905,19.332028464280988,4130.985991000002,#6399c7,80.63776254920661
Sri Lanka,0.1011728121286825,2180.5796001645917,19.427942375199894,17016.999995000002,#6399c7,80.7389353613353
Democratic Republic of Congo,0.0687465250849976,664.5410326547667,19.516047618785933,37941.98700399999,#6399c7,80.8076818864203
Spain,2.1281683212224802,20098.451761979057,19.53196304457067,38836.00000400001,#fdbf71,82.93585020764277
Uganda,0.029264083512059103,601.6018919112773,19.716492309294406,17840.903995,#6399c7,82.96511429115483
Congo,0.02539401524607452,3845.500232116475,19.759822493902092,2421.975001000001,#bde2ee,82.99050830640091
Central African Republic,0.0074548665531330854,908.9823997249579,19.85955251144436,3007.9839979999992,#6399c7,82.99796317295404
Botswana,0.028209002210378323,7567.772700908495,19.86947601061795,1367.133003,#A9A9A9,83.02617217516442
Myanmar,0.041363123739375444,377.879585406861,20.225471402915982,40146.808005000006,#6399c7,83.06753529890379
Solomon Islands,0.002023945906886346,2367.0856312893466,20.23854509254529,313.5999999999999,#6399c7,83.06955924481068
Cameroon,0.07812609971952335,2341.232584894322,20.327888035689487,12238.909002000002,#6399c7,83.1476853445302
Ethiopia,0.07744162973703725,554.9646552716507,20.872614019245418,51179.99999599999,#6399c7,83.22512697426724
Kenya,0.0958965061058677,1500.029907300907,20.946129933493967,23447.361996000014,#6399c7,83.32102348037311
Singapore,0.2082904669324747,25071.947010816486,21.067013358781953,3047.000001,#ea5739,83.52931394730558
Greece,0.4970656910604023,17941.901109017657,21.09600150407859,10160.999999,#fdbf71,84.02637963836598
Angola,0.08942225203213058,3113.3884519492453,21.17102415592,10534.245004000006,#bde2ee,84.11580189039812
Indonesia,1.0687040257028046,2199.190682725106,21.29265079772446,178232.00001899985,#6399c7,85.18450591610092
Brunei,0.037180919326603584,53061.74163126396,21.311879197464982,256.998001,#ea5739,85.22168683542752
Mozambique,0.01577805324923295,427.2808239118822,21.43755105346424,13543.507017,#6399c7,85.23746488867675
Guinea,0.015287068122580466,929.3211066435009,21.510596262431473,6033.225001000001,#6399c7,85.25275195679933
Laos,0.012009326044668747,1080.5474231920755,21.517788882877745,4076.2980000000007,#6399c7,85.26476128284399
Colombia,0.5861483363020297,6164.671232755096,21.6670524335669,34872.95412299998,#A9A9A9,85.85090961914602
Portugal,0.43334575164322375,16060.755802897504,21.8478890327682,9895.999996000002,#fdbf71,86.28425537078925
Hong Kong,0.4099812692544573,26359.523376250912,21.892882951506653,5704.5,#ea5739,86.69423664004371
Guatemala,0.08619051285013479,3548.8642960797224,21.953541551892293,8907.609999,#bde2ee,86.78042715289385
Vietnam,0.18058042322169737,1000.4693750100445,22.000544650339236,66200.000001,#6399c7,86.96100757611555
Macau,0.023092922726770618,22758.93843755498,22.123641129759285,372.15,#fdbf71,86.98410049884232
Cyprus,0.02947438403724346,18641.581350638273,22.178642229487497,579.9000009999999,#fdbf71,87.01357488287957
Somalia,0.013348946779222036,728.9322272113938,22.186466486781747,6716.622998,#6399c7,87.02692382965878
Togo,0.010465985013989956,969.1679925703074,22.436548904729687,3960.7020010000006,#6399c7,87.03738981467278
Benin,0.016701681903234726,1182.7227366848801,22.501059067765866,5179.268002000001,#6399c7,87.054091496576
Panama,0.04234976034955051,6442.604047154254,22.522100782102296,2410.9079999999994,#A9A9A9,87.09644125692556
Malaysia,0.35158769875558876,7123.051132075973,22.570307320829585,18103.340995,#A9A9A9,87.44802895568115
Philippines,0.4349990620240098,2605.8160459808364,23.15735505378734,61225.971997999986,#6399c7,87.88302801770516
Nigeria,0.4329382262437504,1681.107079038391,23.25819120102662,94454.28799500002,#6399c7,88.3159662439489
Ghana,0.04144904015176164,975.791535355174,23.27078810023973,15579.321998000003,#6399c7,88.35741528410067
Cambodia,0.020312527592494852,768.2301739146795,23.29276457429676,9697.588001,#6399c7,88.37772781169316
Costa Rica,0.055224524111747844,6585.399049171038,23.35657799214057,3075.679001,#A9A9A9,88.43295233580491
Cape Verde,0.0016209558455631179,1673.231757043179,23.51136106104677,355.3089999999999,#6399c7,88.43457329165048
Bolivia,0.054848863596317,3016.593072288779,23.627066162980874,6668.712991999999,#bde2ee,88.4894221552468
Taiwan,0.7219041145788903,13056.446798544237,23.67587674921642,20278.958000000002,#fdbf71,89.21132626982569
Cuba,0.26611739238660786,9203.595368768436,23.903362770585684,10604.907003000004,#A9A9A9,89.4774436622123
India,3.1164940213738155,1345.8809322893303,24.071066939029713,849279.7711649998,#6399c7,92.5939376835861
Bahamas,0.01599475590384085,22990.278348957425,24.15406434923283,255.16700099999997,#fdbf71,92.60993243948995
Nicaragua,0.022659129761855745,2006.9553844767286,24.282225903339754,4140.918000000001,#6399c7,92.63259156925182
Honduras,0.03823919388545757,2867.3997769230828,24.422940967192844,4891.156999999998,#6399c7,92.67083076313727
Lebanon,0.04780437481273483,5894.821180696689,24.575545696057137,2974.323001,#bde2ee,92.71863513795002
Jamaica,0.041240937689273456,6328.805546982945,24.684281317029523,2390.000001,#A9A9A9,92.75987607563928
El Salvador,0.05799444118709708,4162.379098806827,24.919478423505574,5110.176001,#bde2ee,92.81787051682637
Guinea Bissau,0.0020411012251654627,736.3715755969027,25.019567410974194,1016.62,#6399c7,92.81991161805153
Syria,0.1052850203957627,3035.5625492317654,25.152570209978535,12720.920003,#bde2ee,92.9251966384473
Trinidad and Tobago,0.03938654920905977,11806.270224428697,25.213259616360418,1223.562999,#A9A9A9,92.96458318765636
Haiti,0.025145428803847666,1297.195302547099,25.65085023945378,7109.594002000001,#6399c7,92.98972861646021
Israel,0.23595207799492868,18570.731543624148,25.685444776984237,4659.999999000001,#fdbf71,93.22568069445514
Barbados,0.012248128629442221,16560.1358917583,25.802088547869147,271.267,#fdbf71,93.23792882308457
Turkmenistan,0.03884423479804772,3884.080723821339,25.881258994727826,3668.0009989999985,#bde2ee,93.27677305788262
Guyana,0.0033902029582308043,1701.8656165063649,26.104919537923543,730.6200000000002,#6399c7,93.28016326084085
Suriname,0.006447075847669598,5876.965404152649,26.152668913740914,402.347,#bde2ee,93.28661033668853
Dominican Republic,0.08101681304022948,4073.3541768032665,26.245659178950717,7294.812001000001,#bde2ee,93.36762714972876
Malta,0.014160679051808263,14426.88935413477,26.77690928958514,360.0,#fdbf71,93.38178782878057
Iran,0.9693597676783244,6535.475834538145,26.823417966339036,54400.000001,#A9A9A9,94.3511475964589
Jordan,0.029787737238487235,3446.429298767773,27.059672096678895,3170.000003,#bde2ee,94.3809353336974
Puerto Rico,0.13868237669565717,14380.610978124338,27.08663739214609,3537.0000010000003,#fdbf71,94.51961771039305
Pakistan,0.5507018063419323,1870.6139470611568,27.34802566197073,107975.06023599998,#6399c7,95.07031951673498
Senegal,0.0331574427454339,1540.201922969476,27.729829454497096,7895.770001999999,#6399c7,95.10347695948042
Gambia,0.0032378568856685757,1233.8438926775736,28.18709144197883,962.4730000000002,#6399c7,95.10671481636608
Mali,0.019095537560758907,913.2407718853692,28.377781716758673,7668.981999000006,#6399c7,95.12581035392684
Libya,0.16274936479314803,13678.824290987473,28.604265435983713,4363.768000999997,#fdbf71,95.28855971871998
Tunisia,0.09404989628724354,4230.166211008042,28.721674583472424,8154.399998000002,#bde2ee,95.38260961500723
Morocco,0.1897267923542969,2879.3353300859085,28.82556739802777,24167.267000999982,#6399c7,95.57233640736152
Chad,0.016267185079181234,975.9864902153207,29.336980182749038,6113.074996000002,#6399c7,95.5886035924407
Namibia,0.01707234986367173,4417.516805660529,29.475115349359463,1417.444992,#bde2ee,95.60567594230437
Djibouti,0.004639694656791242,3035.5399278394557,30.457418559957247,560.589001,#bde2ee,95.61031563696116
Burkina Faso,0.02111406172292426,872.9108972431973,30.847118639564844,8871.417,#6399c7,95.63142969868409
Thailand,0.6850403329172947,4627.824055620368,31.232869817374645,54291.32299999999,#bde2ee,96.31647003160138
Venezuela,0.5782099013123375,10737.657481517466,32.367233163579854,19750.00000099999,#A9A9A9,96.89467993291372
Algeria,0.45135786016194646,6547.746518902334,32.74683821250715,25282.515000999996,#A9A9A9,97.34603779307567
Mauritania,0.009739223255223911,1836.2667806202846,33.01514742300479,1945.2690000000002,#6399c7,97.35577701633089
Niger,0.017498624815893545,820.5364623679029,33.402096010008506,7821.628003000002,#6399c7,97.37327564114679
Egypt,0.5285350722692796,3515.783884423878,33.59410181069619,55136.95299800003,#bde2ee,97.90181071341607
Iraq,0.36613745229491773,7252.953083542651,33.70743696799125,18514.859003999987,#A9A9A9,98.26794816571099
Yemen,0.06574864371042519,1958.3653902058415,33.72413083959925,12313.575999,#6399c7,98.33369680942141
Eritrea,0.00694684498647325,806.6792280411024,34.35381899548453,3158.477998999999,#6399c7,98.34064365440788
Saudi Arabia,0.9619217823033331,21539.53580354698,40.16495948493471,16379.26998900001,#fdbf71,99.30256543671122
Oman,0.08605651326199472,17125.76594260159,41.08906456146095,1842.9979990000002,#fdbf71,99.38862194997321
Kuwait,0.13748808889144834,23729.974006999324,43.0098247635708,2125.0000019999993,#fdbf71,99.52611003886466
Sudan,0.08333006949154503,1179.1100354454668,43.775019713290845,25920.210872000003,#6399c7,99.6094401083562
Bahrain,0.027068029885090605,20139.242734245243,45.262629653094784,492.952,#fdbf71,99.63650813824128
United Arab Emirates,0.2998483970777779,62027.47726824577,46.78299889550809,1772.999999,#ea5739,99.93635653531906
Qatar,0.06364346468095275,49937.89273180757,48.26010349075539,467.42799999999994,#ea5739,100.00000000000001
